lig_name,LF Rank Score,LF dG,LF VSscore
A O6K 502_D,-12.516,-8.092,-10.687
LON-WEI-f8a636e2-1	LON-WEI-f8a636e2-1			81.98485099			99.5						False	Fa_D,-12.206,-7.284,-8.770
LON-WEI-b2874fec-1	LON-WEI-b2874fec-1			99.0			99.5						False	False_D,-5.966,-8.838,-9.912
LON-WEI-b2874fec-2	LON-WEI-b2874fec-2			99.0			99.5						False	False_D,-5.516,-8.347,-9.573
LON-WEI-b2874fec-3	LON-WEI-b2874fec-3			99.0			99.5						False	False_D,-9.744,-9.238,-9.963
LON-WEI-b2874fec-4	LON-WEI-b2874fec-4			99.0			99.5						False	False_D,-5.627,-9.637,-12.135
LON-WEI-b2874fec-5	LON-WEI-b2874fec-5			99.0			99.5						False	False_D,-8.857,-8.929,-9.377
LON-WEI-b2874fec-6	LON-WEI-b2874fec-6			99.0			99.5						False	False_D,-5.299,-8.001,-9.374
LON-WEI-b2874fec-7	LON-WEI-b2874fec-7			99.0			99.5						False	False_D,-4.601,-8.201,-9.179
LON-WEI-b2874fec-9	LON-WEI-b2874fec-9			99.0			99.5						False	False_D,-5.544,-8.864,-9.987
LON-WEI-b2874fec-10	LON-WEI-b2874fec-10			99.0			99.5						False	False_D,-9.013,-8.500,-9.648
LON-WEI-b2874fec-11	LON-WEI-b2874fec-11			99.0			99.5						False	False_D,-8.546,-6.958,-8.327
LON-WEI-b2874fec-12	LON-WEI-b2874fec-12			99.0			99.5						False	False_D,-5.090,-8.053,-8.716
LON-WEI-b2874fec-13	LON-WEI-b2874fec-13			99.0			99.5						False	False_D,-5.514,-8.828,-9.744
LON-WEI-b2874fec-14	LON-WEI-b2874fec-14			99.0			99.5						False	False_D,-9.235,-7.305,-9.056
LON-WEI-b2874fec-15	LON-WEI-b2874fec-15			99.80167029			99.5						False_D,-7.365,-6.952,-8.852
LON-WEI-b2874fec-16	LON-WEI-b2874fec-16			65.02002506			99.5						False_D,-6.678,-6.547,-8.383
LON-WEI-b2874fec-17	LON-WEI-b2874fec-17			99.0			99.5						False	False	U_D,-7.468,-7.320,-9.112
LON-WEI-b2874fec-18	LON-WEI-b2874fec-18			99.0			99.5						False	False	U_D,-6.911,-6.402,-8.311
LON-WEI-b2874fec-19	LON-WEI-b2874fec-19			99.0			99.5						False	False	U_D,-11.482,-6.054,-8.121
LON-WEI-b2874fec-20	LON-WEI-b2874fec-20			99.0			99.5						False	False	U_D,-5.832,-6.311,-7.654
LON-WEI-b2874fec-21	LON-WEI-b2874fec-21			81.98485099			99.5						False_D,-12.902,-7.348,-8.841
LON-WEI-b2874fec-22	LON-WEI-b2874fec-22			99.0			99.5						False	False	U_D,-6.265,-5.827,-7.906
LON-WEI-b2874fec-23	LON-WEI-b2874fec-23			57.85232672			99.5						False_D,-7.342,-6.889,-8.949
LON-WEI-b2874fec-24	LON-WEI-b2874fec-24			59.9176645			99.5						False	F_D,-12.562,-6.549,-8.784
LON-WEI-b2874fec-25	LON-WEI-b2874fec-25			59.59444719			99.5						False_D,-7.407,-6.643,-8.490
LON-WEI-b2874fec-26	LON-WEI-b2874fec-26			99.0			99.5						False	False_D,-5.678,-6.734,-8.477
LON-WEI-b2874fec-27	LON-WEI-b2874fec-27			99.0			99.5						False	False	U_D,-6.171,-7.287,-9.143
ALP-POS-ce760d3f-8	ALP-POS-ce760d3f-8			16.53651547			78.20944247	4.1067_D,-7.324,-7.636,-8.855
VLA-UCB-29506327-1	VLA-UCB-29506327-1			0.36447353299999996			1.31599737_D,-8.791,-8.481,-9.983
MAT-POS-8fd29122-1	MAT-POS-8fd29122-1			99.0			99.5						False	False_D,-5.421,-6.469,-7.683
MAT-POS-8fd29122-2	MAT-POS-8fd29122-2			58.92935425			99.5						False	Fa_D,-6.980,-7.434,-8.695
MAT-POS-23a8a11a-1	MAT-POS-23a8a11a-1			0.13160801			0.177683345	6.75035_D,-7.406,-8.455,-9.546
ALP-POS-696356e4-1	ALP-POS-696356e4-1			0.46924316899999996			0.76661561_D,-12.462,-9.054,-10.327
MAT-POS-54c4bf04-3	MAT-POS-54c4bf04-3			0.8332296859999999			1.60457756_D,-6.528,-7.221,-8.633
MAT-POS-54c4bf04-4	MAT-POS-54c4bf04-4			99.0			14.74438051	4.83137347_D,-6.337,-7.238,-11.392
MAT-POS-3b536971-1	MAT-POS-3b536971-1			0.190025475			0.873922372	6.0585_D,-5.621,-8.518,-9.507
MAT-POS-3b536971-2	MAT-POS-3b536971-2			1.844527856			4.684287757	5.3293_D,-6.961,-8.042,-12.159
JOH-UNI-ea1df7a8-1	JOH-UNI-ea1df7a8-1			3.6557660519999997			6.047252345_D,-6.803,-7.983,-9.305
MAT-POS-43fe65f4-1	MAT-POS-43fe65f4-1			10.20382208									False	False_D,-6.595,-8.069,-8.974
ALP-POS-c3a96089-1	ALP-POS-c3a96089-1			13.63861818			8.088665152999999_D,-12.434,-8.802,-9.790
ALP-POS-a1bdc92a-1	ALP-POS-a1bdc92a-1			99.0			99.5						False	False_D,-5.920,-6.380,-8.245
PET-UNK-8922bd3c-1	PET-UNK-8922bd3c-1			7.200930697			6.470757964	5.1890_D,-7.429,-7.550,-8.765
ALP-UNI-4b8a177c-1	ALP-UNI-4b8a177c-1			99.0			99.5						False	False	3-a_D,-12.161,-7.551,-9.485
JOH-UNI-f51e3bbc-1	JOH-UNI-f51e3bbc-1			83.72273197			99.5						False	Fa_D,-7.109,-7.555,-9.051
MAT-POS-8d5af1ef-1	MAT-POS-8d5af1ef-1			1.1219939429999999			1.122877724_D,-7.349,-8.163,-9.396
ERI-UCB-d6de1f3c-1	ERI-UCB-d6de1f3c-1			9.609576105			15.82123142	4.8007_D,-7.199,-7.867,-11.849
ERI-UCB-d6de1f3c-2	ERI-UCB-d6de1f3c-2			5.532656692000001			9.189993911_D,-6.746,-7.986,-9.222
ALP-POS-6495d03e-6	ALP-POS-6495d03e-6			57.78598475			99.5						False	Fa_D,-10.453,-7.740,-9.891
ALP-POS-6495d03e-7	ALP-POS-6495d03e-7			99.0			99.5						False	False_D,-6.070,-7.013,-8.241
ALP-POS-79636100-2	ALP-POS-79636100-2			62.09005095									False	False_D,-7.695,-8.122,-9.746
ALP-POS-79636100-3	ALP-POS-79636100-3			99.0			99.5						False	False_D,-9.698,-7.075,-8.685
ALP-POS-568d9d36-1	ALP-POS-568d9d36-1			2.752391387			26.27440664	4.5804_D,-5.584,-9.114,-10.102
ALP-POS-902f21bb-1	ALP-POS-902f21bb-1			99.0			99.5						False	False_D,-10.167,-7.133,-8.750
ALP-POS-902f21bb-2	ALP-POS-902f21bb-2			95.24350804			87.17048089	4.0596_D,-6.597,-7.731,-8.905
ALP-POS-e2fddb0f-2	ALP-POS-e2fddb0f-2			53.2515909			99.5						False	Fal_D,-10.852,-7.350,-9.295
ALP-POS-cd485364-1	ALP-POS-cd485364-1			94.20121582			99.5						False	Fa_D,-10.127,-7.163,-8.542
ALP-POS-cd485364-2	ALP-POS-cd485364-2			54.22646414			25.50164457	4.5934_D,-5.703,-7.911,-8.848
MAT-POS-0c8fa4a7-1	MAT-POS-0c8fa4a7-1			0.081067237			0.2332672589999999_D,-7.515,-8.376,-9.565
MAT-POS-0c8fa4a7-2	MAT-POS-0c8fa4a7-2			99.0			99.5					0.0	False	False_D,-6.191,-7.936,-8.893
MAT-POS-0c8fa4a7-3	MAT-POS-0c8fa4a7-3			99.0			99.5						False	False_D,-6.176,-6.333,-7.862
MAT-POS-0c8fa4a7-4	MAT-POS-0c8fa4a7-4			52.64585617			99.5						False	Fa_D,-10.218,-7.012,-8.711
MAT-POS-53907a1c-1	MAT-POS-53907a1c-1			99.0			99.5						False	False_D,-7.363,-7.949,-9.445
MAT-POS-53907a1c-2	MAT-POS-53907a1c-2			99.0			24.56008476	4.609770139_D,-5.830,-9.015,-10.100
MAT-POS-53907a1c-3	MAT-POS-53907a1c-3			1.575312221			0.057809711	7.2379_D,-7.497,-10.785,-12.600
LOR-NOR-c954e7ad-1	LOR-NOR-c954e7ad-1			18.02427699			99.5					132.67260_D,-10.457,-7.608,-8.331
LOR-NOR-c954e7ad-2	LOR-NOR-c954e7ad-2			57.55281351			99.5					0.0	False_D,-5.558,-6.716,-7.459
LOR-NOR-c954e7ad-3	LOR-NOR-c954e7ad-3			24.27859938			99.5					59.218046_D,-5.792,-6.970,-7.612
LOR-NOR-c954e7ad-4	LOR-NOR-c954e7ad-4			99.0			99.5					0.0	False	False_D,-9.464,-6.228,-7.687
LOR-NOR-c954e7ad-5	LOR-NOR-c954e7ad-5			99.0			99.5					0.0	False	False_D,-9.623,-5.337,-7.095
LOR-NOR-c954e7ad-6	LOR-NOR-c954e7ad-6			26.90741889			99.5					50.613423_D,-6.974,-5.918,-7.169
CHO-MSK-00c5269a-1	CHO-MSK-00c5269a-1			3.302288973			2.334278474	5.6318_D,-6.562,-7.096,-8.914
CHO-MSK-00c5269a-2	CHO-MSK-00c5269a-2			5.654063215			1.137761874	5.9439_D,-6.741,-8.131,-9.634
CHO-MSK-00c5269a-4	CHO-MSK-00c5269a-4			3.787097237			3.700942987	5.4316_D,-6.968,-8.675,-10.373
CHO-MSK-00c5269a-5	CHO-MSK-00c5269a-5			6.019543007			3.6467351110000004_D,-6.737,-8.041,-9.858
ALP-POS-64a710fa-2	ALP-POS-64a710fa-2			99.0			99.5						False	False_D,-11.164,-9.758,-10.231
MAT-POS-199e2e7c-1	MAT-POS-199e2e7c-1			4.648914866			5.163414002	5.2870_D,-7.113,-8.120,-9.060
FRA-DIA-c7e803f4-1	FRA-DIA-c7e803f4-1			5.3593348380000005			4.757495619_D,-8.219,-7.837,-9.197
PET-UNK-e44ffd04-1	PET-UNK-e44ffd04-1			93.86214361			99.5					158.27886_D,-7.262,-7.696,-8.652
EDJ-MED-c8e7a002-1	EDJ-MED-c8e7a002-1			99.0			99.5					0.0	False	False_D,-7.180,-8.050,-9.098
EDJ-MED-c8e7a002-2	EDJ-MED-c8e7a002-2			99.0			99.5					0.0	False	False_D,-7.645,-8.857,-9.863
EDJ-MED-c8e7a002-3	EDJ-MED-c8e7a002-3			52.04939737			99.5						False	Fa_D,-7.272,-8.006,-9.415
EDJ-MED-c8e7a002-4	EDJ-MED-c8e7a002-4			83.37813171			75.25738154	4.1234_D,-6.554,-6.595,-8.029
EDJ-MED-c8e7a002-5	EDJ-MED-c8e7a002-5			81.97793558			99.5						False	Fa_D,-10.271,-7.236,-12.211
EDJ-MED-c8e7a002-6	EDJ-MED-c8e7a002-6			99.0			99.5						False	False	3-a_D,-5.888,-7.213,-7.931
EDJ-MED-c8e7a002-9	EDJ-MED-c8e7a002-9			88.58401427			99.5						False	Fa_D,-10.937,-7.457,-8.917
EDJ-MED-c8e7a002-10	EDJ-MED-c8e7a002-10			91.48871906			99.5						False_D,-11.767,-8.488,-9.779
EDJ-MED-c8e7a002-11	EDJ-MED-c8e7a002-11			99.0			99.5						False	False	3_D,-6.766,-7.538,-8.528
EDJ-MED-c8e7a002-12	EDJ-MED-c8e7a002-12			99.0			99.5					269.5828316	Fa_D,-6.802,-7.488,-8.556
EDJ-MED-c8e7a002-13	EDJ-MED-c8e7a002-13			81.75629543			99.5						False_D,-11.425,-7.868,-8.785
EDJ-MED-c8e7a002-14	EDJ-MED-c8e7a002-14			99.0			99.5						False	False	3_D,-7.518,-8.209,-9.243
EDJ-MED-c8e7a002-15	EDJ-MED-c8e7a002-15			99.0			99.5					0.0	False	Fals_D,-6.303,-7.077,-8.552
EDJ-MED-c8e7a002-16	EDJ-MED-c8e7a002-16			99.0			99.5					99.67208763	Fa_D,-6.727,-7.669,-8.620
ALP-POS-8b8a49e1-4	ALP-POS-8b8a49e1-4			99.0									False	False	3-amino_D,-5.622,-8.107,-8.837
JAG-UCB-52b62a6f-5	JAG-UCB-52b62a6f-5			99.0			99.5						False	False	3-a_D,-11.367,-8.153,-9.400
JAG-UCB-52b62a6f-6	JAG-UCB-52b62a6f-6			99.0			99.5						False	False	3-a_D,-7.955,-8.868,-9.953
JAG-UCB-52b62a6f-7	JAG-UCB-52b62a6f-7			99.0			99.5						False	False	3-a_D,-7.336,-8.587,-9.496
JAG-UCB-52b62a6f-8	JAG-UCB-52b62a6f-8			99.0									False	False	3-amino_D,-7.951,-8.871,-10.303
JAG-UCB-52b62a6f-9	JAG-UCB-52b62a6f-9			99.0									False	False	3-amino_D,-12.495,-9.159,-10.657
JAG-UCB-52b62a6f-10	JAG-UCB-52b62a6f-10			53.41268683			61.50219391	4.21_D,-6.951,-8.136,-9.357
JAG-UCB-52b62a6f-11	JAG-UCB-52b62a6f-11			99.0			99.5						False	False	3_D,-6.839,-6.938,-8.526
JAG-UCB-52b62a6f-12	JAG-UCB-52b62a6f-12			99.0			99.5						False	False	3_D,-6.979,-8.364,-9.433
JAG-UCB-52b62a6f-13	JAG-UCB-52b62a6f-13			99.0			99.5						False	False	3_D,-7.236,-7.843,-9.133
JAG-UCB-52b62a6f-15	JAG-UCB-52b62a6f-15			74.1728477			99.5						False	F_D,-6.293,-7.498,-8.788
JAG-UCB-52b62a6f-19	JAG-UCB-52b62a6f-19			98.08861861			25.97764279	4.58_D,-10.011,-7.496,-9.387
BEN-DND-b89db3f2-2	BEN-DND-b89db3f2-2			99.0			99.5						False	False	3-a_D,-6.828,-7.723,-11.413
MAT-POS-500ca5bf-2	MAT-POS-500ca5bf-2		0.0	99.0									False	False	Ugi_D,-5.539,-7.025,-7.851
ALP-POS-7c842ab8-1	ALP-POS-7c842ab8-1			99.0			99.5					127.114588700000_D,-6.025,-7.204,-8.901
EDJ-MED-50011917-1	EDJ-MED-50011917-1			4.420819863			4.567054713	5.3403_D,-7.348,-8.701,-10.150
MAT-POS-8a69d52e-2	MAT-POS-8a69d52e-2			2.655065335			0.679289734	6.1679_D,-6.843,-7.269,-8.631
MAT-POS-8a69d52e-3	MAT-POS-8a69d52e-3			99.0			52.07061386	4.283407302_D,-7.218,-7.715,-8.991
MAT-POS-8a69d52e-5	MAT-POS-8a69d52e-5			79.5696594			99.5					170.528300_D,-6.507,-7.738,-9.022
MAT-POS-8a69d52e-6	MAT-POS-8a69d52e-6			35.12635706			99.5					83.829737_D,-6.946,-7.933,-9.090
MAT-POS-8a69d52e-7	MAT-POS-8a69d52e-7			1.829709307			1.713488243	5.7661_D,-6.924,-8.443,-9.382
DAR-DIA-6a508060-7	DAR-DIA-6a508060-7			99.0			99.5								3-aminopyridi_D,-6.822,-8.031,-9.162
MAR-UCB-f313ec4d-2	MAR-UCB-f313ec4d-2			5.780678924			3.241304528	5.4892_D,-6.659,-6.825,-8.189
MAR-UCB-f313ec4d-3	MAR-UCB-f313ec4d-3			85.4110911			93.55554980000001	4_D,-6.676,-6.631,-8.088
MAR-UCB-f313ec4d-4	MAR-UCB-f313ec4d-4			99.0			99.5						False	False	qui_D,-6.745,-8.128,-9.429
MAR-UCB-f313ec4d-6	MAR-UCB-f313ec4d-6			7.253696289			5.445603646	5.2639_D,-6.716,-6.982,-8.464
ERI-UCB-a0b0dbcb-2	ERI-UCB-a0b0dbcb-2		65.66	2.189516277			2.164059157	5_D,-6.634,-7.811,-8.991
ERI-UCB-a0b0dbcb-4	ERI-UCB-a0b0dbcb-4		70.965	5.646474913			3.7997194889_D,-10.173,-6.549,-9.099
ERI-UCB-a0b0dbcb-6	ERI-UCB-a0b0dbcb-6			99.0			99.5					0.0	False	False_D,-6.748,-7.929,-11.853
ERI-UCB-a0b0dbcb-8	ERI-UCB-a0b0dbcb-8			99.0			99.5					97.95835752	Fals_D,-6.680,-7.353,-8.699
ERI-UCB-a0b0dbcb-9	ERI-UCB-a0b0dbcb-9			99.0			99.5					82.81528228	Fals_D,-6.830,-7.500,-11.460
ERI-UCB-a0b0dbcb-11	ERI-UCB-a0b0dbcb-11			99.0			27.33890134	4.563218942_D,-6.316,-6.905,-8.471
MAT-POS-173a45da-1	MAT-POS-173a45da-1			1.021087492			2.112459232	5.6752_D,-7.391,-9.391,-10.880
PET-UNK-3c72d439-1	PET-UNK-3c72d439-1			11.38068911			3.397268248	5.4688_D,-7.314,-7.446,-8.660
PET-UNK-372a2f82-1	PET-UNK-372a2f82-1			9.391013402			5.040787149	5.2975_D,-7.695,-9.131,-10.671
MAT-POS-8e4737f4-1	MAT-POS-8e4737f4-1			23.97622604			19.49828661	4.7100_D,-7.652,-8.246,-9.493
MAT-POS-8e4737f4-2	MAT-POS-8e4737f4-2			37.72080209			99.5						False	Fa_D,-7.470,-8.169,-9.332
MAT-POS-afd4d4fd-2	MAT-POS-afd4d4fd-2			99.0			40.65039805	4.390935197_D,-7.384,-7.453,-8.623
ROB-IMP-e811baff-1	ROB-IMP-e811baff-1			15.32726065			1.420429612	5.8475_D,-12.215,-8.848,-10.139
PET-UNK-1901c25b-1	PET-UNK-1901c25b-1			0.834210572			0.284634014	6.5457_D,-12.050,-7.858,-9.334
ALP-POS-477dc5b7-1	ALP-POS-477dc5b7-1			0.289492917			0.3238723480000000_D,-7.636,-8.451,-9.658
ALP-POS-477dc5b7-2	ALP-POS-477dc5b7-2			0.720403462			0.2587568660000000_D,-7.618,-8.279,-9.530
ALP-POS-477dc5b7-3	ALP-POS-477dc5b7-3			93.92335838			40.71113096	4.3902_D,-6.740,-8.347,-9.601
EDJ-MED-e4b030d8-2	EDJ-MED-e4b030d8-2			0.523710411			0.2313017680000000_D,-7.737,-8.358,-9.758
EDJ-MED-e4b030d8-3	EDJ-MED-e4b030d8-3			45.40327255			20.07665763	4.6973_D,-7.547,-8.406,-9.810
EDJ-MED-e4b030d8-7	EDJ-MED-e4b030d8-7			99.0			99.5						False	False	3-a_D,-7.086,-8.492,-9.834
EDJ-MED-e4b030d8-11	EDJ-MED-e4b030d8-11			0.163838979			0.16863013300000_D,-7.066,-8.157,-9.194
EDJ-MED-e4b030d8-12	EDJ-MED-e4b030d8-12			3.556050496			7.46						False_D,-7.586,-8.281,-9.640
EDJ-MED-e4b030d8-13	EDJ-MED-e4b030d8-13			0.33869742399999997			0.283626_D,-7.782,-8.363,-9.578
MAT-POS-11b63608-1	MAT-POS-11b63608-1		90.59	1.4428095769999998			0.8509_D,-7.776,-8.584,-9.676
MAT-POS-5d20d11c-1	MAT-POS-5d20d11c-1			99.0								1.182454318	False	Fa_D,-7.673,-4.924,-6.500
MAT-POS-bbbbc21a-3	MAT-POS-bbbbc21a-3		78.32	0.491900161			1.125535117	5_D,-8.249,-8.131,-9.519
MAT-POS-b3e365b9-1	MAT-POS-b3e365b9-1		52.82	0.245516382			0.14118214199_D,-7.229,-8.078,-9.411
MAT-POS-b3e365b9-2	MAT-POS-b3e365b9-2		83.315	58.794299699999996			49.8_D,-7.606,-8.206,-9.482
MAT-POS-b3e365b9-3	MAT-POS-b3e365b9-3			6.379184722000001			4.946278416_D,-6.682,-7.282,-8.355
MAT-POS-b3e365b9-4	MAT-POS-b3e365b9-4			99.0			99.5					64.72338001	Fals_D,-6.720,-7.330,-8.564
MAT-POS-bfb445d4-2	MAT-POS-bfb445d4-2			31.04303481			5.802424377	5.2363_D,-7.302,-7.505,-8.566
MAT-POS-f2460aef-1	MAT-POS-f2460aef-1		100.0	0.414393807			0.10028685300_D,-11.055,-6.150,-9.036
MAT-POS-f2460aef-2	MAT-POS-f2460aef-2		100.0	14.46743957			15.62457347	4_D,-10.904,-7.909,-9.934
MAT-POS-f2460aef-3	MAT-POS-f2460aef-3		100.0	1.04956854			0.291719378000_D,-11.112,-7.500,-9.907
MAT-POS-f2460aef-4	MAT-POS-f2460aef-4		69.315	0.5147125370000001			0.314_D,-11.245,-8.358,-10.060
MAT-POS-f2460aef-5	MAT-POS-f2460aef-5		100.0	4.835486872			5.830055224	5_D,-11.256,-7.431,-10.070
JOH-MSK-46727e7b-1	JOH-MSK-46727e7b-1			0.025859552999999997			0.0097586_D,-12.022,-8.672,-10.714
LON-WEI-4d77710c-1	LON-WEI-4d77710c-1			99.0	24.99254465	3.397230983_D,-7.380,-7.813,-9.586
LON-WEI-4d77710c-2	LON-WEI-4d77710c-2			0.099211751	49.02662468	95.88498_D,-12.156,-7.511,-9.377
LON-WEI-4d77710c-3	LON-WEI-4d77710c-3			99.0	-0.198083062	-0.251331091_D,-8.982,-6.778,-7.801
LON-WEI-4d77710c-4	LON-WEI-4d77710c-4			99.0	8.1554842	9.661341906_D,-6.528,-7.601,-9.601
LON-WEI-4d77710c-5	LON-WEI-4d77710c-5			99.0	1.6038338540000001	10.77742_D,-5.736,-6.470,-7.840
LON-WEI-4d77710c-6	LON-WEI-4d77710c-6			99.0	22.39829612	11.93823195_D,-7.895,-7.611,-9.649
LON-WEI-4d77710c-8	LON-WEI-4d77710c-8			0.147204451	67.46751785	98.61128_D,-10.305,-8.298,-9.617
LON-WEI-4d77710c-9	LON-WEI-4d77710c-9			99.0	54.68157351	7.974440575_D,-6.886,-7.278,-8.671
LON-WEI-4d77710c-10	LON-WEI-4d77710c-10			0.509154628	98.50905228	99.831_D,-8.353,-9.942,-11.087
LON-WEI-4d77710c-11	LON-WEI-4d77710c-11			0.334573608	47.71459007	97.810_D,-10.056,-7.860,-9.293
LON-WEI-4d77710c-12	LON-WEI-4d77710c-12			99.0	17.10330105	4.9009583_D,-5.645,-7.052,-8.671
LON-WEI-4d77710c-13	LON-WEI-4d77710c-13			99.0	-0.41959530899999997	6.75_D,-5.965,-7.691,-8.973
LON-WEI-4d77710c-18	LON-WEI-4d77710c-18			99.0	7.056443095	17.89776325_D,-7.371,-7.332,-9.090
LON-WEI-4d77710c-19	LON-WEI-4d77710c-19			1.156586147	96.31522751	99.395_D,-10.760,-6.126,-7.277
LON-WEI-4d77710c-20	LON-WEI-4d77710c-20			99.0	1.663471937	6.690095544_D,-5.628,-6.395,-8.463
LON-WEI-4d77710c-21	LON-WEI-4d77710c-21			99.0	-0.20447289899999999	-1.1_D,-7.372,-8.084,-9.469
LON-WEI-4d77710c-22	LON-WEI-4d77710c-22			99.0	6.097975969	6.626197815_D,-7.374,-8.032,-9.434
LON-WEI-4d77710c-24	LON-WEI-4d77710c-24			2.6892882510000002	91.76357651_D,-12.795,-9.582,-11.397
LON-WEI-4d77710c-26	LON-WEI-4d77710c-26			99.0	4.230031878	2.809371591_D,-5.349,-6.339,-7.360
LON-WEI-4d77710c-27	LON-WEI-4d77710c-27			99.0	4.785942316	2.29818958_D,-5.956,-8.055,-9.396
LON-WEI-4d77710c-28	LON-WEI-4d77710c-28			99.0	18.47710276	0.63045793799_D,-8.256,-8.762,-10.928
LON-WEI-4d77710c-29	LON-WEI-4d77710c-29			99.0	23.16932893	2.55378055900_D,-12.491,-10.102,-11.092
LON-WEI-4d77710c-30	LON-WEI-4d77710c-30			99.0	3.787007332	12.18530321_D,-11.773,-8.687,-9.970
LON-WEI-4d77710c-32	LON-WEI-4d77710c-32			1.3606163619999998	97.12033844_D,-6.094,-8.631,-9.532
LON-WEI-4d77710c-33	LON-WEI-4d77710c-33			99.0	51.15228844	5.22683703899_D,-6.156,-6.961,-8.434
LON-WEI-4d77710c-36	LON-WEI-4d77710c-36			99.0	23.71671915	5.812566519_D,-7.156,-8.147,-9.809
LON-WEI-4d77710c-37	LON-WEI-4d77710c-37			99.0	0.771033049	-1.211927578_D,-10.777,-5.380,-7.491
LON-WEI-4d77710c-39	LON-WEI-4d77710c-39			99.0	32.56868887	67.94887924	4_D,-6.730,-7.415,-8.936
LON-WEI-4d77710c-40	LON-WEI-4d77710c-40			99.0	25.69754934	0.930777431_D,-5.053,-8.456,-9.518
LON-WEI-4d77710c-41	LON-WEI-4d77710c-41			99.0	65.3461113	37.37380028_D,-10.807,-6.885,-8.649
LON-WEI-4d77710c-42	LON-WEI-4d77710c-42			99.0	26.39190483	12.20234251_D,-6.088,-6.886,-9.073
LON-WEI-4d77710c-43	LON-WEI-4d77710c-43			99.0	5.6996803279999995	9.0308_D,-6.331,-8.251,-10.188
LON-WEI-4d77710c-48	LON-WEI-4d77710c-48			99.0	1.120340765	2.498402536_D,-6.351,-8.294,-10.165
LON-WEI-4d77710c-49	LON-WEI-4d77710c-49			99.0	-2.843450397	-6.898828268_D,-6.661,-6.201,-7.969
LON-WEI-4d77710c-51	LON-WEI-4d77710c-51			99.0	38.96485519	94.52396011	2_D,-7.753,-8.047,-10.150
LON-WEI-4d77710c-55	LON-WEI-4d77710c-55			99.0	15.27369547	11.17145872_D,-7.660,-8.473,-10.182
LON-WEI-4d77710c-56	LON-WEI-4d77710c-56			99.0	-3.982960463	-0.958466411_D,-12.842,-9.232,-10.389
LON-WEI-4d77710c-58	LON-WEI-4d77710c-58			99.0	21.31842268	17.56762457_D,-11.773,-8.640,-9.964
LON-WEI-4d77710c-61	LON-WEI-4d77710c-61			0.659520061	31.75505829	94.376_D,-13.842,-7.357,-9.931
LON-WEI-4d77710c-62	LON-WEI-4d77710c-62			99.0	6.144834757000001	30.8647_D,-8.332,-5.715,-6.687
LON-WEI-4d77710c-63	LON-WEI-4d77710c-63			99.0	18.76251245	3.156549394_D,-5.898,-6.195,-7.369
LON-WEI-4d77710c-64	LON-WEI-4d77710c-64			1.919059488	90.33652496	81.267_D,-11.488,-11.842,-11.878
LON-WEI-4d77710c-65	LON-WEI-4d77710c-65			0.164207869	8.30457902	69.8785_D,-10.981,-7.927,-9.051
LON-WEI-4d77710c-66	LON-WEI-4d77710c-66			0.521719931	34.96911526	77.037_D,-8.265,-7.405,-7.917
LON-WEI-4d77710c-67	LON-WEI-4d77710c-67			0.31906678	28.92225742	71.2034_D,-10.516,-8.175,-8.898
LON-WEI-4d77710c-69	LON-WEI-4d77710c-69			0.218571601	55.86794472	76.349_D,-10.937,-7.924,-9.900
LON-WEI-4d77710c-70	LON-WEI-4d77710c-70			0.36317907	33.19062805	68.9520_D,-8.783,-6.938,-7.582
LON-WEI-4d77710c-71	LON-WEI-4d77710c-71			1.4369572959999999	9.629392862_D,-11.157,-7.552,-8.516
LON-WEI-4d77710c-73	LON-WEI-4d77710c-73			0.255405292	78.96272469	97.735_D,-12.012,-8.268,-9.266
LON-WEI-4d77710c-74	LON-WEI-4d77710c-74			0.6349187270000001	78.9691124_D,-9.806,-7.095,-8.382
LON-WEI-4d77710c-75	LON-WEI-4d77710c-75			0.658113873	92.56868744	94.905_D,-11.363,-6.888,-8.378
LON-WEI-4d77710c-76	LON-WEI-4d77710c-76			0.152483085	47.13737869	96.656_D,-12.305,-8.680,-9.551
PET-UNK-7374c256-2	PET-UNK-7374c256-2			90.75757269			15.93609665	4.7976_D,-6.507,-7.705,-9.181
CHO-MSK-6e55470f-5	CHO-MSK-6e55470f-5			24.25843731			23.92453212	4.6211_D,-8.264,-9.832,-11.203
CHO-MSK-6e55470f-7	CHO-MSK-6e55470f-7		100.0	13.33239221			20.64639979	4_D,-7.506,-9.863,-11.242
CHO-MSK-6e55470f-14	CHO-MSK-6e55470f-14			7.394263689			99.5					0.0	Fal_D,-13.202,-8.834,-10.875
CHO-MSK-6e55470f-17	CHO-MSK-6e55470f-17			99.0			99.5						False	False	3_D,-6.548,-8.784,-10.259
CHO-MSK-6e55470f-19	CHO-MSK-6e55470f-19		41.78	48.77088343			99.5					0._D,-8.085,-9.812,-11.127
CHO-MSK-6e55470f-21	CHO-MSK-6e55470f-21			99.0									False	False	3-ami_D,-15.201,-10.016,-11.701
CHO-MSK-6e55470f-22	CHO-MSK-6e55470f-22		67.345	13.78813336			62.7319770_D,-8.316,-9.843,-11.243
CHO-MSK-6e55470f-24	CHO-MSK-6e55470f-24			99.0			99.5					52.67862991	Fa_D,-7.618,-9.926,-11.265
ALP-POS-87c86d55-1	ALP-POS-87c86d55-1			14.29697829			4.851678979	5.3141_D,-11.768,-7.889,-9.069
ALP-POS-87c86d55-2	ALP-POS-87c86d55-2			46.07741426			24.96026787	4.6027_D,-11.969,-8.743,-9.745
MAT-POS-fa06b69f-6	MAT-POS-fa06b69f-6		91.695	0.7061785209999999			0.695_D,-10.313,-8.089,-9.399
ALP-POS-a3de0cb1-1	ALP-POS-a3de0cb1-1			3.7268914019999997			3.588988281_D,-6.867,-7.303,-9.104
ALP-POS-a3de0cb1-3	ALP-POS-a3de0cb1-3			99.0			99.5					45.6428804	False_D,-13.017,-8.763,-10.069
ALP-POS-a3de0cb1-6	ALP-POS-a3de0cb1-6			99.0			99.5						False	False	3-a_D,-6.827,-7.414,-9.105
ALP-POS-a3de0cb1-7	ALP-POS-a3de0cb1-7			99.0			99.5					0.0	False	False_D,-11.692,-8.270,-9.359
ALP-POS-a3de0cb1-10	ALP-POS-a3de0cb1-10			99.0			99.5					72.25819508	Fa_D,-11.572,-8.121,-9.242
ALP-POS-a3de0cb1-12	ALP-POS-a3de0cb1-12			99.0			99.5						False	False	3_D,-7.127,-8.429,-9.905
ALP-POS-a3de0cb1-13	ALP-POS-a3de0cb1-13			81.82420063			50.92048383	4.29_D,-7.042,-8.330,-10.136
ALP-POS-a3de0cb1-14	ALP-POS-a3de0cb1-14			99.0			99.5						False	False	3_D,-7.213,-7.760,-9.546
ALP-POS-a3de0cb1-15	ALP-POS-a3de0cb1-15			99.0			99.5					59.1451194	Fal_D,-6.649,-6.998,-8.803
ALP-POS-6747fa38-1	ALP-POS-6747fa38-1		42.445	72.54815242			71.68809589_D,-6.012,-6.788,-8.057
MAT-POS-1e5f28a7-1	MAT-POS-1e5f28a7-1			17.09139694			23.71229503	4.6250_D,-6.548,-7.466,-8.398
MAT-POS-f7918075-2	MAT-POS-f7918075-2		76.965	0.509058524			0.7641388379_D,-7.964,-7.932,-9.266
MAT-POS-f7918075-5	MAT-POS-f7918075-5			2.130500809			4.273263577	5.3692_D,-7.660,-7.959,-9.059
MAT-POS-f7918075-8	MAT-POS-f7918075-8		79.45	7.966933264			13.26087854	4_D,-7.263,-7.942,-8.956
ALP-POS-6d04362c-1	ALP-POS-6d04362c-1			1.565015285			5.053265339	5.2964_D,-6.844,-7.262,-9.110
ALP-POS-6d04362c-2	ALP-POS-6d04362c-2			0.391491459			0.496758543	6.3038_D,-5.827,-7.213,-8.811
ALP-POS-6d04362c-3	ALP-POS-6d04362c-3			6.287586676			6.5613622739999995_D,-11.801,-8.146,-9.583
ALP-POS-6d04362c-4	ALP-POS-6d04362c-4			21.31744447			11.62287627	4.9346_D,-12.633,-8.125,-9.704
ALP-POS-6d04362c-5	ALP-POS-6d04362c-5			18.16706316			19.76105164	4.7041_D,-6.693,-7.007,-9.242
MAT-POS-f42f3716-1	MAT-POS-f42f3716-1			2.831999812			8.438846404	5.0737_D,-13.341,-9.955,-11.345
MAT-POS-f42f3716-2	MAT-POS-f42f3716-2			19.54797534			99.5					260.14050_D,-7.664,-10.443,-11.508
MAT-POS-f42f3716-3	MAT-POS-f42f3716-3			11.98802614			9.619004454	5.0168_D,-6.721,-8.637,-10.171
MAT-POS-f42f3716-4	MAT-POS-f42f3716-4			26.00300859			31.56253413	4.5008_D,-11.512,-8.979,-10.270
MAT-POS-f42f3716-5	MAT-POS-f42f3716-5			15.26821373			8.952750994	5.0480_D,-7.580,-9.762,-10.940
MAT-POS-f42f3716-6	MAT-POS-f42f3716-6			56.18048204			31.91952008	4.4959_D,-12.050,-8.960,-10.418
MAT-POS-f42f3716-7	MAT-POS-f42f3716-7			16.00441719			19.26789884	4.7151_D,-13.035,-8.291,-10.079
MAT-POS-f42f3716-8	MAT-POS-f42f3716-8			15.32245213			22.76834299	4.6426_D,-12.212,-9.337,-10.780
MAT-POS-f42f3716-9	MAT-POS-f42f3716-9			99.0			99.5						False	False	3-a_D,-7.241,-9.568,-10.754
MAT-POS-044491d2-1	MAT-POS-044491d2-1		61.545	38.85592732			19.702499800_D,-14.085,-9.840,-11.501
MAT-POS-044491d2-2	MAT-POS-044491d2-2			25.70531801			23.03177147	4.6376_D,-12.436,-8.371,-11.044
MAT-POS-044491d2-3	MAT-POS-044491d2-3			19.72462187			25.31642314	4.5965_D,-11.078,-8.390,-10.107
MAT-POS-044491d2-6	MAT-POS-044491d2-6			45.4843496			14.72707551	4.83188_D,-11.865,-9.418,-11.000
MAT-POS-044491d2-7	MAT-POS-044491d2-7			32.8780025			36.53174121	4.43732_D,-7.010,-9.198,-10.363
AAR-RCN-9f0de475-1	AAR-RCN-9f0de475-1			99.0			99.5						False	False_D,-3.747,-4.147,-4.777
AAR-RCN-390aeb1f-1	AAR-RCN-390aeb1f-1			99.0			99.5						False	False_D,-4.600,-4.714,-5.423
ALP-POS-f13221e1-2	ALP-POS-f13221e1-2			6.01626415			11.17246911	4.95185_D,-7.048,-7.399,-8.771
ALP-POS-f13221e1-3	ALP-POS-f13221e1-3			19.32303293			20.79342111	4.6820_D,-6.637,-7.249,-8.383
ALP-POS-f13221e1-4	ALP-POS-f13221e1-4			99.0			99.5					152.227590699999_D,-6.399,-7.485,-8.437
MAT-POS-4211dce8-1	MAT-POS-4211dce8-1			99.0			99.5					0.0	False	False_D,-7.305,-7.095,-8.618
MAT-POS-e10a589d-1	MAT-POS-e10a589d-1			99.0			0.32670258	6.485847436_D,-11.441,-8.267,-9.004
MAT-POS-e10a589d-4	MAT-POS-e10a589d-4			2.8690659060000003			15.73089666_D,-5.306,-6.733,-7.504
MAT-POS-1e0c1c67-1	MAT-POS-1e0c1c67-1			99.0			2.4006024580000003	5.6196_D,-8.672,-5.393,-7.503
AAR-RCN-dbf5c5ee-1	AAR-RCN-dbf5c5ee-1			99.0			99.5						False	False_D,-4.800,-6.601,-7.329
AAR-RCN-845f9611-1	AAR-RCN-845f9611-1			99.0			99.5						False	False_D,-5.460,-6.632,-7.414
AAR-RCN-78cf61f7-1	AAR-RCN-78cf61f7-1			99.0			99.5						False	False_D,-5.054,-6.357,-7.071
AAR-RCN-67438d21-1	AAR-RCN-67438d21-1			99.0			99.5						False	False_D,-4.287,-5.717,-6.563
AAR-RCN-37d0aa00-1	AAR-RCN-37d0aa00-1			99.0			99.5						False	False_D,-5.027,-5.005,-5.631
AAR-RCN-934be69e-1	AAR-RCN-934be69e-1			99.0			99.5						False	False_D,-4.031,-4.276,-4.771
AAR-RCN-ec065b93-1	AAR-RCN-ec065b93-1			99.0			99.5						False	False_D,-5.822,-3.656,-4.756
AAR-RCN-8752a6eb-1	AAR-RCN-8752a6eb-1			99.0			99.5						False	False_D,-3.855,-4.051,-4.665
AAR-RCN-28a8122f-1	AAR-RCN-28a8122f-1			99.0			99.5						False	False_D,-4.985,-5.540,-6.503
AAR-RCN-98de6bc7-1	AAR-RCN-98de6bc7-1			99.0			99.5						False	False_D,-3.853,-4.846,-5.113
MAT-POS-bb423b95-1	MAT-POS-bb423b95-1			3.7089309010000004			7.941658225_D,-7.513,-8.042,-9.108
MAT-POS-bb423b95-2	MAT-POS-bb423b95-2			6.2192530470000005			7.018752647_D,-7.705,-7.936,-9.029
MAT-POS-bb423b95-5	MAT-POS-bb423b95-5			26.3771424			19.50898769	4.70976_D,-5.946,-7.243,-8.193
MAT-POS-bb423b95-7	MAT-POS-bb423b95-7			48.19354528			34.36824843	4.4638_D,-7.277,-7.745,-8.962
MAT-POS-bb423b95-9	MAT-POS-bb423b95-9			99.0			99.5						False	False	3-a_D,-6.513,-7.779,-8.626
MAT-POS-6da3605a-1	MAT-POS-6da3605a-1			99.0			99.5					0.0	False	False_D,-5.613,-6.825,-7.869
MAT-POS-6da3605a-2	MAT-POS-6da3605a-2			99.0			65.30536088	4.185051166_D,-8.894,-6.688,-7.162
MAT-POS-6344a35d-1	MAT-POS-6344a35d-1			1.00390314			3.783685897	5.42208_D,-8.274,-9.126,-10.704
VLA-UCB-1dbca3b4-1	VLA-UCB-1dbca3b4-1			99.0			99.5					22.49648484	Fals_D,-6.767,-6.663,-10.401
VLA-UCB-1dbca3b4-15	VLA-UCB-1dbca3b4-15			0.42395962200000004			0.359483_D,-7.326,-8.000,-9.143
MAT-POS-9ff17035-3	MAT-POS-9ff17035-3			1.4755860509999998			1.139392013_D,-7.493,-8.004,-9.501
NIR-WEI-f9286bb6-2	NIR-WEI-f9286bb6-2			99.0			99.5						True	False	Ugi_D,-5.013,-7.392,-8.442
NIR-WEI-f9286bb6-3	NIR-WEI-f9286bb6-3			99.0			99.5						True	False	Ugi_D,-5.078,-7.032,-8.004
NIR-WEI-f9286bb6-4	NIR-WEI-f9286bb6-4			99.0			99.5						True	False	Ugi_D,-5.541,-7.460,-9.020
AAR-RCN-748c104b-1	AAR-RCN-748c104b-1			99.0			99.5						False	False_D,-4.711,-4.600,-5.325
MAT-POS-02ae579f-1	MAT-POS-02ae579f-1			99.0	-6.785928	0.0077025							F_D,-10.918,-5.920,-8.866
MAT-POS-02ae579f-2	MAT-POS-02ae579f-2			44.53518367	0.69515305	2.287651_D,-5.715,-7.962,-8.795
MIC-UNK-08cd9c58-1	MIC-UNK-08cd9c58-1			57.92700964			67.11236021	4.1731_D,-7.428,-7.708,-8.829
MAT-POS-0bc33984-1	MAT-POS-0bc33984-1			99.0			43.71429098	4.359376561_D,-5.903,-8.992,-11.015
MAT-POS-0bc33984-2	MAT-POS-0bc33984-2			99.0			99.5					12.54507529	Fals_D,-5.438,-8.114,-10.930
PET-UNK-8df914d1-4	PET-UNK-8df914d1-4			99.0			93.88392388	4.027408767_D,-6.051,-6.900,-7.678
EDJ-MED-c314995a-1	EDJ-MED-c314995a-1			0.980906794			0.260666995	6.5839_D,-6.978,-8.990,-10.363
EDJ-MED-976da9a6-1	EDJ-MED-976da9a6-1			9.855853852000001			10.07609085_D,-7.259,-8.248,-9.194
EDJ-MED-06d94977-1	EDJ-MED-06d94977-1			99.0			99.5					145.083229199999_D,-4.991,-5.802,-7.359
EDJ-MED-06d94977-2	EDJ-MED-06d94977-2			99.0			99.5					149.1940157	Fals_D,-5.034,-6.354,-7.262
PET-UNK-c9c1e0d8-3	PET-UNK-c9c1e0d8-3			0.731634495			1.1415013520000001_D,-7.652,-8.105,-9.354
PET-UNK-c9c1e0d8-4	PET-UNK-c9c1e0d8-4			0.8657082190000001			1.268102447_D,-7.988,-8.007,-9.445
MAT-POS-3b92565d-1	MAT-POS-3b92565d-1		79.31	1.346843524			1.20235588599_D,-7.278,-7.732,-9.016
MAT-POS-3b92565d-6	MAT-POS-3b92565d-6			99.0			83.28102822	4.079453922_D,-7.374,-8.991,-15.104
RAL-THA-6b94ceba-1	RAL-THA-6b94ceba-1			99.0			99.5					40.40905602	Fals_D,-7.208,-8.572,-9.942
RAL-THA-6b94ceba-2	RAL-THA-6b94ceba-2			81.01534918			37.03075481	4.4314_D,-7.299,-8.669,-9.805
RAL-THA-6b94ceba-5	RAL-THA-6b94ceba-5			55.52097552			41.33003652	4.3837_D,-6.938,-8.511,-9.697
RAL-THA-6b94ceba-7	RAL-THA-6b94ceba-7			43.89291944			46.30464836	4.3343_D,-6.367,-7.835,-8.892
RAL-THA-6b94ceba-9	RAL-THA-6b94ceba-9			99.0			99.5						False	False	3-a_D,-6.795,-7.815,-9.019
RAL-THA-6b94ceba-12	RAL-THA-6b94ceba-12			32.21140428			16.58620903	4.78_D,-12.252,-9.791,-10.348
RAL-THA-6b94ceba-13	RAL-THA-6b94ceba-13		63.995	13.09205971			14.6132551_D,-12.131,-9.650,-10.461
EDJ-MED-a364e151-1	EDJ-MED-a364e151-1			1.84189969			99.5					251.494292_D,-6.742,-7.957,-8.996
MAT-POS-2492181e-1	MAT-POS-2492181e-1			99.0	-6.468583584	-3.216187477_D,-7.305,-7.971,-9.619
MAT-POS-2492181e-4	MAT-POS-2492181e-4			95.94689192	22.53674066	-1.58253_D,-6.100,-8.238,-9.712
MAT-POS-2492181e-5	MAT-POS-2492181e-5			99.0	14.51544178	8.355697155_D,-10.885,-8.792,-9.391
MAT-POS-2492181e-6	MAT-POS-2492181e-6			98.24419976	-1.8168264630000002_D,-5.543,-8.013,-9.376
MAT-POS-b5746674-34	MAT-POS-b5746674-34			99.0	6.219382286	12.51118183_D,-5.509,-7.333,-9.198
MAT-POS-b5746674-36	MAT-POS-b5746674-36			99.0	-4.830670834	-2.879659116_D,-6.203,-7.428,-8.937
MAT-POS-b5746674-37	MAT-POS-b5746674-37			99.0	2.805111676	0.168264091_D,-7.179,-7.984,-9.593
MAT-POS-b5746674-38	MAT-POS-b5746674-38			99.0	-0.40255594299999997	0.92_D,-6.789,-8.208,-9.704
MAT-POS-b5746674-42	MAT-POS-b5746674-42			99.0	-3.0564428869999998	22.30_D,-6.507,-7.317,-8.692
MAT-POS-b5746674-78	MAT-POS-b5746674-78			68.55148565	20.54952073	7.5612_D,-11.118,-5.911,-11.200
MAT-POS-b5746674-97	MAT-POS-b5746674-97			99.0	-1.077742279	1.916932881_D,-5.613,-7.278,-8.510
MAT-POS-b5746674-98	MAT-POS-b5746674-98			99.0	-2.253461003	1.390841246_D,-6.284,-6.959,-8.613
MAT-POS-b5746674-100	MAT-POS-b5746674-100			99.0	-2.5410010219999997	3.7_D,-6.197,-7.685,-9.423
MAT-POS-b5746674-101	MAT-POS-b5746674-101			99.0	-2.212992549	0.97337588_D,-6.604,-7.241,-9.319
MAT-POS-b5746674-102	MAT-POS-b5746674-102			82.69076111	-4.255591035	-3._D,-4.941,-7.475,-9.401
MAT-POS-b5746674-107	MAT-POS-b5746674-107			99.0	-4.2683705089999995	3.4_D,-5.702,-6.893,-8.818
MAT-POS-b5746674-108	MAT-POS-b5746674-108			92.33480870000001	-3.0053248_D,-6.062,-7.781,-9.324
MAT-POS-b5746674-109	MAT-POS-b5746674-109			99.0	-1.084132075	-1.8146965_D,-5.927,-8.664,-9.845
MAT-POS-ea426761-9	MAT-POS-ea426761-9		77.585	5.071172565			1.170083678_D,-10.639,-6.626,-8.205
MAT-POS-ea426761-10	MAT-POS-ea426761-10			0.200179269	8.773162842	32.466_D,-11.156,-8.760,-9.757
MAT-POS-ea426761-13	MAT-POS-ea426761-13			0.36283241	68.56443024	90.4323_D,-6.903,-6.291,-9.974
MAT-POS-ea426761-45	MAT-POS-ea426761-45			78.20854338	13.05218315	42.187_D,-8.644,-7.308,-7.934
MAT-POS-ea426761-49	MAT-POS-ea426761-49			99.0			23.05204659	4.637290511_D,-5.999,-4.702,-6.229
MAT-POS-ea426761-52	MAT-POS-ea426761-52			99.0			21.74329319	4.662674678_D,-4.389,-7.043,-7.965
EDJ-MED-50fe53e8-2	EDJ-MED-50fe53e8-2			99.0			99.5					202.3693217	Fals_D,-7.311,-7.530,-8.683
EDJ-MED-50fe53e8-3	EDJ-MED-50fe53e8-3			99.0			99.5					215.345436199999_D,-6.754,-7.089,-8.132
EDJ-MED-00c1612e-1	EDJ-MED-00c1612e-1			0.549993865			0.897800405	6.0468_D,-7.338,-8.039,-9.219
ALP-POS-0c2c77e1-1	ALP-POS-0c2c77e1-1			25.13378126			40.89173636	4.3883_D,-6.841,-7.764,-8.896
ALP-POS-3b848b35-2	ALP-POS-3b848b35-2			0.15725656699999999			0.27373653_D,-7.256,-8.528,-10.070
LON-WEI-2e27a2e5-1	LON-WEI-2e27a2e5-1			0.452567911			2.533155243	5.5963_D,-10.759,-7.321,-9.508
LON-WEI-2e27a2e5-2	LON-WEI-2e27a2e5-2			99.0	-5.553523	-6.337255							F_D,-13.033,-8.539,-11.116
MAT-POS-06036648-5	MAT-POS-06036648-5			10.55967735			5.337463866	5.2726_D,-6.519,-6.463,-8.375
JOH-UNI-591f77bd-1	JOH-UNI-591f77bd-1			99.0	-2.050877	1.772847275_D,-9.703,-8.994,-9.156
EDJ-MED-0e996074-1	EDJ-MED-0e996074-1			99.0	-1.26865595	2.1527435_D,-5.588,-6.237,-7.379
MAT-POS-c0143b99-1	MAT-POS-c0143b99-1			99.0			99.5						True	False	Ugi_D,-10.952,-8.329,-9.582
ALP-POS-05819dc4-1	ALP-POS-05819dc4-1			0.691763483			99.5						False	Fa_D,-5.787,-7.369,-10.945
WIL-UNI-2e73223c-4	WIL-UNI-2e73223c-4			99.0			99.5					29.96854938	Fals_D,-5.111,-7.327,-8.399
ALP-POS-ddb41b15-1	ALP-POS-ddb41b15-1			22.87241265			15.7999881	4.80134_D,-7.357,-8.829,-10.428
ALP-POS-ddb41b15-3	ALP-POS-ddb41b15-3			99.0			57.71277226	4.238728064_D,-6.493,-7.249,-8.912
ALP-POS-ddb41b15-4	ALP-POS-ddb41b15-4			99.0			4.073144448	5.39007018799_D,-6.659,-7.996,-9.729
ALP-POS-ddb41b15-8	ALP-POS-ddb41b15-8			31.35916776			99.5					0.0	False_D,-7.208,-6.656,-8.999
MIC-UNK-fc94cdb5-1	MIC-UNK-fc94cdb5-1			99.0			99.5					14.82588362	Fals_D,-6.479,-6.852,-8.072
MIC-UNK-4c7b8ba7-1	MIC-UNK-4c7b8ba7-1			99.0			99.5					0.0	False	False_D,-5.520,-8.490,-11.240
MIC-UNK-42806bd5-2	MIC-UNK-42806bd5-2			99.0								0.0	False	False	3-am_D,-5.990,-7.750,-8.596
LOR-NOR-30067bb9-2	LOR-NOR-30067bb9-2		83.68817613	17.28760769	-1.098901_D,-6.875,-6.359,-8.071
LOR-NOR-30067bb9-5	LOR-NOR-30067bb9-5		77.00059366	2.14630206	0.3156575_D,-6.114,-6.009,-7.569
LOR-NOR-30067bb9-6	LOR-NOR-30067bb9-6		72.18221863	12.40770499	0.5664134_D,-6.806,-7.400,-8.320
LOR-NOR-30067bb9-7	LOR-NOR-30067bb9-7		99.27083947	1.230596874	-2.837967_D,-6.875,-7.772,-8.874
LOR-NOR-30067bb9-8	LOR-NOR-30067bb9-8		53.6831044	42.36330509	-4.7363370_D,-7.546,-6.952,-8.500
LOR-NOR-30067bb9-10	LOR-NOR-30067bb9-10		72.11364435	14.29048578	-1.6844_D,-10.506,-6.039,-7.696
LOR-NOR-30067bb9-11	LOR-NOR-30067bb9-11		91.18229713	0.017013119	-5.4237_D,-6.619,-7.150,-8.523
LOR-NOR-30067bb9-13	LOR-NOR-30067bb9-13		56.16760415	45.23738403	-6.8589_D,-8.198,-4.758,-6.299
LOR-NOR-30067bb9-15	LOR-NOR-30067bb9-15		61.70451788	42.33241355	-5.7334_D,-5.585,-5.479,-8.994
LOR-NOR-30067bb9-18	LOR-NOR-30067bb9-18		94.05151232	3.794492312	-1.8791_D,-6.352,-6.768,-7.512
JAN-GHE-74b8b0cb-1	JAN-GHE-74b8b0cb-1			99.0			99.5					0.0	False	False_D,-6.463,-8.129,-9.250
MAT-POS-c478e61b-1	MAT-POS-c478e61b-1			99.0			82.11851419	4.085558917_D,-8.452,-9.545,-10.712
MAT-POS-c9973a83-1	MAT-POS-c9973a83-1			43.60280449	24.617285	48.298705_D,-6.466,-7.633,-8.567
COM-UCB-8c7d23dc-1	COM-UCB-8c7d23dc-1			99.0	-6.542807499999999	-3.69242_D,-10.346,-6.633,-7.981
COM-UCB-8c7d23dc-6	COM-UCB-8c7d23dc-6			99.0	-6.2633754999999995	-5.3573_D,-5.760,-6.798,-7.869
COM-UCB-8c7d23dc-7	COM-UCB-8c7d23dc-7			99.0	-3.326542	-2.97047750000000_D,-5.751,-6.204,-7.766
COM-UCB-8c7d23dc-12	COM-UCB-8c7d23dc-12			99.0	-7.3240935	-4.98023399999_D,-6.374,-6.852,-7.856
COM-UCB-8c7d23dc-13	COM-UCB-8c7d23dc-13			99.0	-4.0746519999999995	-3.07_D,-8.778,-5.719,-7.786
COM-UCB-8c7d23dc-15	COM-UCB-8c7d23dc-15			99.0	2.5896470000000003	9.0147_D,-6.708,-6.798,-8.251
COM-UCB-8c7d23dc-16	COM-UCB-8c7d23dc-16			99.0	-8.154911	-5.2087325_D,-5.917,-8.325,-11.880
ALP-POS-3fc1724e-1	ALP-POS-3fc1724e-1			16.5435311			6.3886100820000005_D,-7.115,-8.977,-12.167
WIL-MOD-03b86a88-2	WIL-MOD-03b86a88-2			56.90333708			19.09088324	4.7191_D,-6.670,-8.272,-9.196
WIL-MOD-03b86a88-4	WIL-MOD-03b86a88-4			15.28168034			15.95335731	4.7971_D,-7.045,-8.660,-9.654
WIL-MOD-03b86a88-6	WIL-MOD-03b86a88-6		87.94	14.4718081			11.25659119999_D,-11.725,-9.629,-10.122
JAG-UCB-119787ef-1	JAG-UCB-119787ef-1		-10.44204522	99.0	-7.384094999999_D,-6.316,-7.874,-8.655
MAT-POS-968e8d9c-1	MAT-POS-968e8d9c-1		-19.40521001	99.0	-13.293248	-7.6_D,-5.925,-7.643,-8.489
BRU-THA-a358fbdd-7	BRU-THA-a358fbdd-7			99.0	2.365354	3.561115						49.4_D,-9.224,-5.847,-7.375
JAG-UCB-c61058a9-45	JAG-UCB-c61058a9-45			48.01818367			99.5						False_D,-7.510,-8.126,-11.862
TAT-ENA-80bfd3e5-1	TAT-ENA-80bfd3e5-1			99.0			0.974820505	6.011075344_D,-11.887,-7.922,-9.203
TAT-ENA-80bfd3e5-4	TAT-ENA-80bfd3e5-4		94.7	0.7064888909999999			0.71912_D,-9.187,-5.964,-7.586
TAT-ENA-80bfd3e5-7	TAT-ENA-80bfd3e5-7		97.515	1.522514308			0.745271328_D,-7.540,-7.986,-8.706
TAT-ENA-80bfd3e5-32	TAT-ENA-80bfd3e5-32		82.18	4.15300297			2.817975374_D,-5.514,-6.978,-7.830
TAT-ENA-80bfd3e5-36	TAT-ENA-80bfd3e5-36		61.24	6.956589192999999			3.228_D,-9.622,-7.265,-8.128
LON-WEI-0a73fcb8-7	LON-WEI-0a73fcb8-7		58.93035555	66.35080663	64.546534_D,-11.621,-8.306,-9.304
NAU-LAT-8502cac5-8	NAU-LAT-8502cac5-8			26.84375419	37.58834	74.639425	6_D,-5.720,-7.844,-8.369
ADA-UCB-6c2cb422-1	ADA-UCB-6c2cb422-1		84.91021549	1.0567184859999998	93_D,-7.545,-7.722,-8.980
ADA-UCB-6c2cb422-3	ADA-UCB-6c2cb422-3			99.0	-1.08081085	2.763474						7_D,-6.606,-7.596,-8.684
JAG-UCB-c37fbdcd-2	JAG-UCB-c37fbdcd-2			99.0			99.5					24.5575998000000_D,-7.537,-7.992,-9.518
ERI-UCB-ce40166b-6	ERI-UCB-ce40166b-6			19.36436676			38.37379441	4.4159_D,-6.575,-8.469,-9.789
ERI-UCB-ce40166b-17	ERI-UCB-ce40166b-17			1.180136413			1.103932926	5.95_D,-6.896,-8.456,-10.047
VLA-UCB-00f2c2b3-2	VLA-UCB-00f2c2b3-2			99.0	-1.10744532	0.2476566000000_D,-6.837,-6.831,-7.983
VLA-UCB-00f2c2b3-7	VLA-UCB-00f2c2b3-7			23.60291007			99.5					250.13795_D,-6.984,-7.416,-8.539
LON-WEI-ff7b210a-4	LON-WEI-ff7b210a-4		100.0	0.8260412490000001	96.30587_D,-7.539,-8.564,-9.734
LON-WEI-ff7b210a-5	LON-WEI-ff7b210a-5		100.0	1.039082155	96.92779	98.471_D,-4.652,-6.130,-6.639
LON-WEI-ff7b210a-10	LON-WEI-ff7b210a-10			99.0	-23.584988	-3.5939468			0_D,-9.994,-9.615,-10.248
ALP-POS-d2866bdf-1	ALP-POS-d2866bdf-1		90.28649204	5.368831502000001	84._D,-11.095,-6.753,-8.278
MIC-UNK-66895286-1	MIC-UNK-66895286-1			99.0			99.5					54.11266818	Fals_D,-5.696,-6.680,-7.596
MIC-UNK-66895286-3	MIC-UNK-66895286-3			99.0			54.60639129999999	4.26275_D,-5.837,-7.025,-7.946
ROD-LAS-d5538ff9-8	ROD-LAS-d5538ff9-8		68.26154193	15.96942841	8.44098	-_D,-10.653,-7.183,-8.586
JAG-UCB-77729364-1	JAG-UCB-77729364-1			99.0			99.5					0.0	False	False_D,-11.520,-7.857,-8.784
LON-WEI-babf2c61-1	LON-WEI-babf2c61-1		60.60907008	2.112800879	24.173945_D,-13.736,-9.992,-11.735
LON-WEI-babf2c61-2	LON-WEI-babf2c61-2		0.0	99.0	49.015955	78.2	11.618053_D,-11.330,-8.291,-9.941
LON-WEI-babf2c61-3	LON-WEI-babf2c61-3		89.15503525	2.467515204	49.56658_D,-11.054,-8.345,-10.415
LON-WEI-babf2c61-4	LON-WEI-babf2c61-4			26.21126101	16.07151	23.517565_D,-11.907,-8.004,-10.398
LON-WEI-babf2c61-5	LON-WEI-babf2c61-5		82.07640807	4.842507384	50.164584_D,-10.476,-7.337,-9.702
LON-WEI-babf2c61-6	LON-WEI-babf2c61-6		91.59144693	7.720562043999999	38._D,-11.747,-7.744,-10.642
LON-WEI-babf2c61-7	LON-WEI-babf2c61-7		96.53378847	3.0123336089999997	53_D,-10.485,-7.208,-9.678
LON-WEI-babf2c61-8	LON-WEI-babf2c61-8			17.33618415	26.8156	44.94313_D,-10.600,-6.958,-10.055
LON-WEI-babf2c61-9	LON-WEI-babf2c61-9		100.0	6.1169618539999995	50.65903_D,-9.693,-6.726,-9.056
LON-WEI-babf2c61-10	LON-WEI-babf2c61-10		100.0	10.86168757	16.734935	31._D,-10.749,-8.070,-9.649
LON-WEI-babf2c61-11	LON-WEI-babf2c61-11		100.0	4.777123596	15.784125	40._D,-11.158,-9.305,-10.509
LON-WEI-babf2c61-14	LON-WEI-babf2c61-14			10.55140772			99.5						True	F_D,-11.602,-8.556,-10.309
JAG-UCB-1d922829-1	JAG-UCB-1d922829-1			43.51601237			99.5					0.0	False_D,-7.697,-7.263,-9.169
JAG-UCB-1d922829-2	JAG-UCB-1d922829-2			54.59425968			99.5						False	Fa_D,-7.706,-7.268,-9.395
JAG-UCB-1d922829-3	JAG-UCB-1d922829-3			32.24343525			99.5					0.0	False_D,-7.442,-7.675,-9.666
JAG-UCB-1d922829-4	JAG-UCB-1d922829-4			99.0			99.5					27.13689337	Fals_D,-10.221,-7.387,-8.839
JAG-UCB-1d922829-5	JAG-UCB-1d922829-5			99.0			99.5					21.91599715	Fals_D,-10.168,-6.664,-8.566
JAG-UCB-1d922829-6	JAG-UCB-1d922829-6			99.0			99.5					0.0	False	False_D,-9.800,-6.736,-9.698
JAG-UCB-ef2c0e8e-4	JAG-UCB-ef2c0e8e-4			99.0			99.5					34.19730911	Fals_D,-6.676,-7.025,-8.346
ERI-BAS-37e2bb46-1	ERI-BAS-37e2bb46-1		55.325	99.0	-9.9372095	2.501051_D,-14.030,-8.987,-10.355
ERI-BAS-bd3ef700-1	ERI-BAS-bd3ef700-1		0.0	99.0	2.11989865	2.9529215			0_D,-6.111,-7.977,-9.498
ALP-POS-c59291d4-2	ALP-POS-c59291d4-2		78.12914402	12.56225621	79.65146_D,-11.495,-8.171,-9.610
ALP-POS-c59291d4-3	ALP-POS-c59291d4-3		62.23556033	28.35325344	68.974585_D,-11.938,-8.151,-9.758
ALP-POS-c59291d4-4	ALP-POS-c59291d4-4		70.49219695	18.67687678	57.123394_D,-11.384,-7.487,-8.785
ALP-POS-c59291d4-5	ALP-POS-c59291d4-5		100.0	0.055725765	99.835615	100.0_D,-6.623,-7.229,-8.307
ALP-POS-c0c213c9-1	ALP-POS-c0c213c9-1		94.805	32.18979314			38.77391021_D,-6.318,-9.070,-10.876
ALP-POS-c0c213c9-3	ALP-POS-c0c213c9-3			99.0			99.5					115.148705900000_D,-6.063,-5.336,-8.115
ALP-POS-c0c213c9-4	ALP-POS-c0c213c9-4			99.0			99.5					0.0	False	False_D,-13.042,-8.870,-10.609
ALP-POS-c0c213c9-7	ALP-POS-c0c213c9-7			99.0			99.5					0.0	False	False_D,-5.576,-7.131,-9.485
ALP-POS-c0c213c9-9	ALP-POS-c0c213c9-9			99.0	-1.6279916	1.8938721						6_D,-6.967,-7.604,-9.756
ALP-POS-c0c213c9-11	ALP-POS-c0c213c9-11			99.0			99.5					0.0	False	Fals_D,-12.710,-7.838,-9.678
ALP-POS-c0c213c9-14	ALP-POS-c0c213c9-14			99.0	6.6152355	16.09721						1_D,-6.719,-7.372,-8.918
ALP-POS-c0c213c9-15	ALP-POS-c0c213c9-15			99.0			99.5					0.0	False	Fals_D,-7.592,-8.196,-10.081
ALP-POS-c0c213c9-18	ALP-POS-c0c213c9-18			99.0			99.5					130.470179	Fal_D,-7.845,-6.941,-9.044
ALP-POS-91609ae9-3	ALP-POS-91609ae9-3		88.81755543	2.907617128	72.08417_D,-6.884,-7.525,-8.887
EDJ-MED-6af13d92-1	EDJ-MED-6af13d92-1		89.65190757	2.60150346	91.81651	9_D,-6.856,-7.103,-8.602
EDJ-MED-6af13d92-2	EDJ-MED-6af13d92-2			1.82765031	8.7385185	12.47232_D,-11.502,-7.463,-11.236
EDJ-MED-6af13d92-3	EDJ-MED-6af13d92-3			2.076787743	84.427415	90.90139	2_D,-6.776,-8.327,-11.604
BEN-BAS-baaab58b-1	BEN-BAS-baaab58b-1		76.59780981	27.29762364	6.853397_D,-5.619,-8.339,-9.189
MAT-POS-ee51dedd-1	MAT-POS-ee51dedd-1	64.30363393		12.24622676	53.37036_D,-4.735,-7.617,-8.104
MAT-POS-ee51dedd-2	MAT-POS-ee51dedd-2	96.35623873		0.484414564	78.55136_D,-7.075,-8.504,-8.129
LOR-NEU-c8f11034-1	LOR-NEU-c8f11034-1		67.39352696	43.11368108	-4.886505_D,-5.329,-4.936,-8.373
LOR-NEU-c8f11034-2	LOR-NEU-c8f11034-2		100.0	0.48474466299999996	1.50192_D,-7.179,-7.329,-8.553
LOR-NEU-c8f11034-3	LOR-NEU-c8f11034-3		66.13152011	30.282696	-2.115973	-_D,-5.810,-5.786,-6.424
LOR-NEU-c8f11034-5	LOR-NEU-c8f11034-5		100.0	0.7474393859999999	-3.26631_D,-7.313,-7.019,-8.177
LOR-NEU-c8f11034-7	LOR-NEU-c8f11034-7		95.59446379999999	16.71295212	-3._D,-5.851,-6.976,-7.621
BEN-BAS-f6e16b09-1	BEN-BAS-f6e16b09-1			99.0	-3.1195383999999997	-4.2690_D,-12.891,-8.400,-9.945
ALP-POS-90c18d1d-1	ALP-POS-90c18d1d-1			67.47254572	6.4951574999999995	3_D,-12.095,-8.627,-9.956
BAR-COM-0f94fc3d-41	BAR-COM-0f94fc3d-41		77.42	19.968183	30.592015000000_D,-7.241,-7.621,-8.792
BAR-COM-0f94fc3d-48	BAR-COM-0f94fc3d-48		67.195	38.92728803	32.761255	49_D,-6.874,-7.578,-8.797
MAT-POS-590ac91e-17	MAT-POS-590ac91e-17		-1.7618891859999999	99.0	18.939_D,-5.232,-6.202,-7.138
MAT-POS-590ac91e-41	MAT-POS-590ac91e-41		40.06615708	27.47430611	41.9783_D,-12.026,-7.961,-9.304
MAT-POS-590ac91e-69	MAT-POS-590ac91e-69		52.81023676	99.0	1.394463485	25_D,-10.713,-8.046,-9.292
JAG-UCB-a3ef7265-3	JAG-UCB-a3ef7265-3		58.62226431	18.38796348	46.10042_D,-11.657,-8.164,-9.005
JAG-UCB-a3ef7265-20	JAG-UCB-a3ef7265-20		1.89939146	99.0	46.694559999999_D,-5.925,-7.415,-8.379
JAG-UCB-cedd89ab-1	JAG-UCB-cedd89ab-1			99.0			81.67311651	4.087920872_D,-6.951,-5.916,-7.433
EDJ-MED-49816e9b-1	EDJ-MED-49816e9b-1		88.60642398	26.362125800000005	42_D,-6.599,-7.422,-8.472
EDJ-MED-49816e9b-4	EDJ-MED-49816e9b-4			68.24476541			85.01992398	4.0704_D,-10.523,-7.449,-8.265
BEN-DND-7e92b6ca-10	BEN-DND-7e92b6ca-10		82.35077482	18.75754761	74.4608_D,-6.298,-6.527,-8.148
BEN-DND-7e92b6ca-11	BEN-DND-7e92b6ca-11		51.36030895	95.69599193	61.3826_D,-5.383,-6.276,-7.621
BEN-DND-7e92b6ca-12	BEN-DND-7e92b6ca-12		83.25001656	19.69976836	78.5081_D,-5.783,-7.115,-8.347
BEN-DND-7e92b6ca-14	BEN-DND-7e92b6ca-14		52.2769146	52.68192681	56.96764_D,-11.033,-6.861,-11.424
BEN-DND-93268d01-6	BEN-DND-93268d01-6			99.0			58.45409314	4.23318507300_D,-9.557,-6.563,-7.925
BEN-DND-93268d01-8	BEN-DND-93268d01-8			99.0			0.637897639	6.195249006_D,-5.173,-7.035,-7.758
BEN-DND-93268d01-11	BEN-DND-93268d01-11			99.0			99.5					62.31597544	Fa_D,-4.829,-6.205,-7.041
MAK-UNK-d4768348-1	MAK-UNK-d4768348-1	96.35623873		0.484414564	78.55136_D,-7.149,-8.264,-8.354
EDJ-MED-e58735b6-4	EDJ-MED-e58735b6-4			99.0			53.16526101	4.27437205_D,-6.910,-7.091,-8.476
NAU-LAT-64f4b287-4	NAU-LAT-64f4b287-4		100.0	1.784272495	97.394235	97.51_D,-4.937,-6.559,-7.752
EDJ-MED-e66f2cc5-1	EDJ-MED-e66f2cc5-1			12.89420181			44.72115285	4.3494_D,-6.728,-7.276,-8.220
MAT-POS-2db6411e-2	MAT-POS-2db6411e-2	92.72999128	98.86159652	1.56892614_D,-9.119,-8.668,-9.022
EDG-MED-0da5ad92-2	EDG-MED-0da5ad92-2		52.36828925	99.0	24.074975	40.890_D,-6.810,-7.181,-8.232
EDG-MED-0da5ad92-3	EDG-MED-0da5ad92-3			99.0	17.561765	33.756335	99.5_D,-6.176,-5.985,-7.380
EDG-MED-0da5ad92-5	EDG-MED-0da5ad92-5			47.31874992			99.5					163.68131_D,-11.128,-8.196,-9.105
EDG-MED-0da5ad92-7	EDG-MED-0da5ad92-7			15.68582651			24.78240395	4.6058_D,-5.943,-8.074,-9.290
EDG-MED-0da5ad92-15	EDG-MED-0da5ad92-15			99.0			99.5					168.2174313000_D,-6.452,-7.238,-8.213
EDG-MED-0da5ad92-17	EDG-MED-0da5ad92-17			99.0			99.5					106.1576658	Fa_D,-6.222,-7.532,-8.469
EDG-MED-0da5ad92-21	EDG-MED-0da5ad92-21		52.12921793	99.0	3.6405765	6.92_D,-5.726,-6.717,-7.491
MAK-UNK-ed378e62-6	MAK-UNK-ed378e62-6			99.0			99.5						False	False_D,-4.203,-4.303,-4.973
BEN-DND-61647d40-12	BEN-DND-61647d40-12		55.07	29.42996952			99.5					28_D,-6.935,-7.328,-8.347
JAN-GHE-5a013bed-1	JAN-GHE-5a013bed-1		28.65943315	73.35631406	39.57277_D,-6.113,-7.285,-8.013
JAN-GHE-5a013bed-2	JAN-GHE-5a013bed-2		45.27874969	4.265197993999999	74._D,-7.385,-7.378,-8.523
JAN-GHE-5a013bed-3	JAN-GHE-5a013bed-3		0.0	99.0	70.8607	87.0438	8.645464_D,-6.652,-7.367,-8.562
TRY-UNI-2eddb1ff-2	TRY-UNI-2eddb1ff-2		71.44	99.0	28.841385	46.01123	46._D,-6.418,-7.323,-8.214
TRY-UNI-2eddb1ff-6	TRY-UNI-2eddb1ff-6			8.630624486			11.57014158	4.9366_D,-7.177,-8.840,-10.087
TRY-UNI-2eddb1ff-7	TRY-UNI-2eddb1ff-7		87.19131584	0.940748778	94.4703	9_D,-7.375,-9.928,-12.807
TRY-UNI-2eddb1ff-8	TRY-UNI-2eddb1ff-8			88.09233002			77.13484119	4.1127_D,-7.380,-9.014,-10.182
ALP-POS-95b75b4d-5	ALP-POS-95b75b4d-5			7.397974068			7.173635912000001_D,-6.143,-7.044,-8.266
JAN-GHE-83b26c96-8	JAN-GHE-83b26c96-8		78.31820081	5.479371838	77.852725_D,-6.115,-7.848,-8.786
JAN-GHE-83b26c96-12	JAN-GHE-83b26c96-12		98.33861978	15.94297615	56.1850_D,-6.633,-7.727,-8.506
JAN-GHE-83b26c96-13	JAN-GHE-83b26c96-13		64.32450713	69.09189422	17.4127_D,-6.765,-7.908,-8.635
JAN-GHE-83b26c96-18	JAN-GHE-83b26c96-18		69.55621882	57.84842314	18.1071_D,-6.888,-6.665,-7.871
JAN-GHE-83b26c96-22	JAN-GHE-83b26c96-22		66.91403689	24.52280886	49.3255_D,-6.706,-7.842,-8.807
AAR-POS-5507155c-1	AAR-POS-5507155c-1			83.7760385	-2.5168009999999996	5_D,-4.941,-6.464,-7.198
AAR-POS-0daf6b7e-23	AAR-POS-0daf6b7e-23			99.0								7.0	False	False		x_D,-4.207,-5.097,-5.762
LON-WEI-d1c9908a-11	LON-WEI-d1c9908a-11	2.51	67.75	19.43059242		47.05766_D,-5.380,-7.342,-8.876
LON-WEI-adc59df6-3	LON-WEI-adc59df6-3	57.35674361	100.0	16.97870201	42.0_D,-5.555,-7.939,-8.884
LON-WEI-adc59df6-10	LON-WEI-adc59df6-10	69.97160744	100.0	13.68892672	50_D,-9.477,-8.674,-10.199
LON-WEI-adc59df6-17	LON-WEI-adc59df6-17	55.96686969	63.86398384	65.42702_D,-11.127,-9.749,-10.624
LON-WEI-adc59df6-23	LON-WEI-adc59df6-23	79.30389848	100.0	10.50653617	51_D,-10.344,-6.951,-9.097
LON-WEI-adc59df6-30	LON-WEI-adc59df6-30	52.56432679999999	100.0	19.39107_D,-6.050,-8.184,-9.574
LON-WEI-adc59df6-40	LON-WEI-adc59df6-40	69.13183976	100.0	14.31483786	42_D,-5.301,-6.524,-8.564
LON-WEI-adc59df6-43	LON-WEI-adc59df6-43		100.0	62.05596255	41.0576299999_D,-6.325,-7.716,-9.617
LON-WEI-adc59df6-47	LON-WEI-adc59df6-47	91.82216412	100.0	3.358824326	63_D,-10.638,-7.942,-9.705
LON-WEI-adc59df6-78	LON-WEI-adc59df6-78			99.0	1.4775287	3.2985055_D,-5.577,-8.421,-9.845
MAR-UNI-c84db004-16	MAR-UNI-c84db004-16		81.05857357	58.15559561_D,-12.583,-9.019,-10.317
MAR-UNI-c84db004-17	MAR-UNI-c84db004-17		100.0	8.413729071									False_D,-12.567,-7.695,-9.761
JOH-UNI-44664832-2	JOH-UNI-44664832-2		100.0	1.24061381									False	Fa_D,-4.312,-5.560,-9.257
JOH-UNI-44664832-3	JOH-UNI-44664832-3		83.144341	99.0									False	Fals_D,-5.337,-6.611,-7.890
JOH-UNI-c7afdb96-2	JOH-UNI-c7afdb96-2		100.0	0.23360319		22.17159_D,-8.124,-6.730,-8.234
JUA-UNI-a9dfaed1-1	JUA-UNI-a9dfaed1-1			99.0			99.5						True	False_D,-9.885,-7.313,-8.850
JUA-UNI-a9dfaed1-2	JUA-UNI-a9dfaed1-2			99.0			99.5						True	False_D,-7.109,-6.714,-7.441
JUA-UNI-a9dfaed1-3	JUA-UNI-a9dfaed1-3			99.0			99.5						True	False_D,-6.541,-6.379,-6.556
JUA-UNI-a9dfaed1-4	JUA-UNI-a9dfaed1-4			99.0			99.5						True	False_D,-10.357,-9.291,-10.029
JUA-UNI-a9dfaed1-5	JUA-UNI-a9dfaed1-5			99.0			99.5						True	False_D,-5.805,-7.543,-9.099
JUA-UNI-a9dfaed1-6	JUA-UNI-a9dfaed1-6			99.0			99.5						True	False	Ugi_D,-4.389,-6.239,-7.239
JUA-UNI-a9dfaed1-7	JUA-UNI-a9dfaed1-7			99.0			99.5						True	False_D,-12.290,-8.114,-10.195
LON-WEI-8f408cad-1	LON-WEI-8f408cad-1			99.0	27.11235	51.42713	70.328583_D,-6.095,-6.209,-7.509
LON-WEI-8f408cad-2	LON-WEI-8f408cad-2	98.6225	99.205	2.62321369	98.65946_D,-7.054,-7.434,-8.043
LON-WEI-8f408cad-3	LON-WEI-8f408cad-3	97.8875	97.79	0.5565438429999999	9_D,-7.235,-7.620,-7.584
LON-WEI-8f408cad-4	LON-WEI-8f408cad-4	96.62	96.84	2.02356071	97.289005	1_D,-7.343,-6.867,-7.523
LON-WEI-8f408cad-5	LON-WEI-8f408cad-5			3.31638346	94.48812	98.998055000_D,-6.962,-6.962,-7.059
LON-WEI-8f408cad-7	LON-WEI-8f408cad-7			1.137302208	98.779325	99.437475_D,-6.787,-7.262,-7.300
MED-COV-4280ac29-5	MED-COV-4280ac29-5		88.97527693	15.19811649	20.639545_D,-10.441,-8.454,-9.420
MED-COV-4280ac29-13	MED-COV-4280ac29-13	94.56079831	100.0	2.077428429000_D,-4.486,-8.064,-8.332
MED-COV-4280ac29-15	MED-COV-4280ac29-15	99.8384869	100.4236773	0.5454483_D,-4.832,-8.198,-8.424
MED-COV-4280ac29-25	MED-COV-4280ac29-25		97.56642156	34.57067244	41.4681_D,-10.966,-8.433,-9.402
MED-COV-4280ac29-30	MED-COV-4280ac29-30		100.0	0.421041412	100.032869999_D,-5.017,-6.116,-7.596
MED-COV-4280ac29-31	MED-COV-4280ac29-31	100.02107070000001	100.4236773	0_D,-6.108,-7.861,-8.747
MED-COV-4280ac29-33	MED-COV-4280ac29-33		117.87086399999998	1.308406736_D,-4.727,-8.702,-9.177
MED-COV-4280ac29-37	MED-COV-4280ac29-37		100.0	2.4174635419999997	96.083_D,-4.547,-8.397,-8.892
LON-WEI-b8d98729-17	LON-WEI-b8d98729-17	4.444303831		99.0	36.56934000000_D,-6.020,-8.932,-10.494
LON-WEI-b8d98729-27	LON-WEI-b8d98729-27	59.98080035		26.94728406	40.3276_D,-11.741,-6.769,-10.053
LON-WEI-b8d98729-38	LON-WEI-b8d98729-38	16.63309269		32.03061412	33.8765_D,-13.420,-9.853,-11.099
MAT-POS-916a2c5a-1	MAT-POS-916a2c5a-1	95.6975	91.09	0.968770334	99.36241_D,-9.291,-8.677,-9.178
MAT-POS-916a2c5a-2	MAT-POS-916a2c5a-2	70.0575	83.785	3.4615950239999997_D,-7.263,-7.825,-9.435
MAT-POS-916a2c5a-3	MAT-POS-916a2c5a-3	81.6625	88.135	3.750653259	84.3667_D,-9.446,-7.567,-8.939
MAT-POS-916a2c5a-4	MAT-POS-916a2c5a-4	66.63	78.785	10.4027223		54.071719_D,-6.655,-7.277,-8.542
JUA-UNI-bc099708-1	JUA-UNI-bc099708-1			99.0			99.5						True	False_D,-10.480,-9.042,-10.212
JUA-UNI-bc099708-2	JUA-UNI-bc099708-2			99.0			99.5						True	False_D,-5.450,-6.501,-8.203
JUA-UNI-bc099708-3	JUA-UNI-bc099708-3			99.0			99.5						True	False_D,-8.685,-8.209,-8.916
JUA-UNI-bc099708-4	JUA-UNI-bc099708-4			99.0			99.5						True	False_D,-10.156,-8.039,-9.959
JUA-UNI-bc099708-5	JUA-UNI-bc099708-5	0.0		99.0	0.683865	9.484211	99.5_D,-14.046,-8.334,-10.861
NEH-REV-107bcf72-5	NEH-REV-107bcf72-5	63.91800416	89.85380584	9.28315023_D,-9.003,-7.512,-8.387
MIH-UNI-e573136b-5	MIH-UNI-e573136b-5		100.0	0.833731397	101.27855	102.5_D,-10.178,-10.453,-10.417
WAR-XCH-79d12f6e-4	WAR-XCH-79d12f6e-4	54.86969272		18.47845727	25.132839_D,-8.255,-8.032,-8.606
WAR-XCH-79d12f6e-6	WAR-XCH-79d12f6e-6	90.84785203	96.28668182	1.62336890_D,-8.050,-7.663,-8.045
WAR-XCH-b0339bbe-3	WAR-XCH-b0339bbe-3		100.0	29.71763206	5.177157	18.136_D,-5.343,-8.039,-8.800
WAR-XCH-b0339bbe-19	WAR-XCH-b0339bbe-19		100.0	14.85302147	56.80079	71.4_D,-6.172,-7.819,-9.166
SIM-SYN-f15aaa3a-1	SIM-SYN-f15aaa3a-1	100.4236773	100.4236773	0.38583673_D,-5.258,-7.541,-8.314
STU-CHA-83dacf15-1	STU-CHA-83dacf15-1		91.0727806	31.23968691	30.7670900_D,-10.947,-11.003,-11.047
STU-CHA-7b3b91d5-1	STU-CHA-7b3b91d5-1		100.0	20.13276208	56.663284999999_D,-6.116,-10.509,-11.243
STU-CHA-6cae54d3-1	STU-CHA-6cae54d3-1		93.25799793	5.551705886000001	77._D,-5.569,-9.974,-10.477
PAU-UNI-8cdd41c7-1	PAU-UNI-8cdd41c7-1	100.0	100.0	0.47546758200000006	76_D,-5.313,-9.040,-9.256
TAM-UNI-d1c3dd9f-5	TAM-UNI-d1c3dd9f-5		71.79979049	38.39922196	29.930320_D,-9.204,-9.494,-9.903
TAM-UNI-d1c3dd9f-12	TAM-UNI-d1c3dd9f-12		95.62858501	50.31752087	11.7107_D,-5.965,-9.287,-9.946
TAM-UNI-d1c3dd9f-18	TAM-UNI-d1c3dd9f-18	59.2476534		17.49241139	20.5609_D,-4.841,-8.537,-9.112
MAK-UNK-af83ef51-2	MAK-UNK-af83ef51-2	62.55193274	91.09129704	13.5830274_D,-4.430,-7.241,-7.830
MAK-UNK-af83ef51-6	MAK-UNK-af83ef51-6		87.14035792	4.493786731	62.94115_D,-5.029,-7.703,-8.218
GIA-UNK-20b63697-2	GIA-UNK-20b63697-2		84.75920306	1.688000004	80.84184_D,-4.991,-8.019,-8.778
GIA-UNK-20b63697-6	GIA-UNK-20b63697-6		95.61403605	0.6435632	95.837655	9_D,-4.388,-7.850,-8.479
DAR-DIA-fb20be43-4	DAR-DIA-fb20be43-4		99.72594311	1.6399940169999998	99_D,-5.470,-8.668,-9.294
DAR-DIA-fb20be43-6	DAR-DIA-fb20be43-6	97.58360114		1.162374391	83.637	93_D,-6.232,-8.987,-9.912
DAR-DIA-fb20be43-7	DAR-DIA-fb20be43-7		100.0	1.620733025	82.83451	90.859_D,-5.613,-7.999,-8.891
WAR-XCH-b6889685-26	WAR-XCH-b6889685-26	3.795	50.235	39.21840675		8.0840_D,-9.474,-8.205,-9.316
WAR-XCH-b72a1bbc-11	WAR-XCH-b72a1bbc-11		100.0	15.75805815	-1.252803	0.1_D,-8.092,-7.982,-8.620
WAR-XCH-b72a1bbc-18	WAR-XCH-b72a1bbc-18	35.01	52.225	99.0		-15.950070000_D,-8.223,-6.595,-7.711
ALV-UNI-7ff1a6f9-14	ALV-UNI-7ff1a6f9-14		50.77509789	99.0	0.800944	0.942_D,-11.984,-6.618,-8.567
DAV-CRI-14a23e73-1	DAV-CRI-14a23e73-1		79.015	0.52561776	98.382425	94.62_D,-10.600,-9.282,-10.110
DAV-CRI-3edb475e-6	DAV-CRI-3edb475e-6		100.0	20.95325278	40.56069	74.487_D,-7.257,-6.003,-7.019
MAK-UNK-6435e6c2-9	MAK-UNK-6435e6c2-9			99.0								0.0	False	False		x04_D,-7.702,-5.739,-6.500
GIA-UNK-a79af1bc-1	GIA-UNK-a79af1bc-1		100.0	19.4738865	46.1189450000000_D,-4.198,-6.990,-7.505
NIR-THE-0d6461ce-8	NIR-THE-0d6461ce-8		100.0	1.235543502	95.149355	98.32_D,-4.876,-8.568,-8.927
NIR-THE-c331be7a-1	NIR-THE-c331be7a-1		100.0	11.41463697	47.99223	53.428_D,-5.109,-6.969,-8.054
NIR-THE-c331be7a-2	NIR-THE-c331be7a-2		97.83	1.441020154	98.75318	95.349_D,-4.799,-7.053,-8.263
NIR-THE-c331be7a-6	NIR-THE-c331be7a-6		53.76803843	0.419790602	98.062469_D,-5.110,-6.269,-7.511
DAN-LON-a5fc619e-3	DAN-LON-a5fc619e-3		100.0	0.514714766	99.249175	99.47_D,-4.579,-8.500,-8.989
DAN-LON-a5fc619e-8	DAN-LON-a5fc619e-8	100.0	100.0	0.655456165	82.2179	72_D,-5.124,-8.088,-8.467
DAN-LON-a5fc619e-10	DAN-LON-a5fc619e-10		66.60732754	18.85071501	22.4529_D,-5.854,-8.501,-9.570
JOH-MSK-a63bdd1d-4	JOH-MSK-a63bdd1d-4			99.0			99.5						False	False_D,-9.405,-6.700,-7.460
DUN-NEW-f8ce3686-22	DUN-NEW-f8ce3686-22	87.54491409	95.91916798	3.308583_D,-7.765,-6.002,-6.730
DUN-NEW-f8ce3686-23	DUN-NEW-f8ce3686-23		80.32733989	8.547621255	58.0440_D,-11.531,-8.427,-9.515
DUN-NEW-f8ce3686-24	DUN-NEW-f8ce3686-24		100.0	11.50677998	62.8078150000_D,-6.788,-9.718,-10.573
DUN-NEW-f8ce3686-25	DUN-NEW-f8ce3686-25		73.33	99.0	23.86605	26.0974			0_D,-8.610,-7.661,-8.528
AGN-NEW-891393a6-1	AGN-NEW-891393a6-1		100.0	1.513489553	74.31908	87.533_D,-6.036,-7.762,-8.645
JOR-UNI-2fc98d0b-6	JOR-UNI-2fc98d0b-6		59.35943886	99.0	24.350455	49.617_D,-6.080,-8.323,-9.316
JOR-UNI-2fc98d0b-12	JOR-UNI-2fc98d0b-12		78.94465384	3.30035664	83.33063_D,-6.219,-8.083,-9.018
TRY-UNI-714a760b-3	TRY-UNI-714a760b-3			8.20169806			4.222339764	5.37444_D,-6.570,-7.661,-8.702
TRY-UNI-714a760b-6	TRY-UNI-714a760b-6	20.025239300000003		13.89516492	61_D,-6.423,-7.186,-8.076
TRY-UNI-714a760b-12	TRY-UNI-714a760b-12	25.5825	64.135	45.68926279	32.14_D,-6.628,-5.939,-7.415
TRY-UNI-714a760b-18	TRY-UNI-714a760b-18	20.37830295		12.96769311	58.0202_D,-5.991,-6.797,-7.905
TRY-UNI-714a760b-19	TRY-UNI-714a760b-19			32.22106387			16.06556006	4.79_D,-6.422,-7.024,-8.460
TRY-UNI-714a760b-20	TRY-UNI-714a760b-20	20.495	52.68	43.84705099	33.5616_D,-6.518,-6.790,-8.061
TRY-UNI-714a760b-22	TRY-UNI-714a760b-22	21.0225	58.415	45.31192342	35.40_D,-6.200,-6.699,-8.014
TRY-UNI-714a760b-24	TRY-UNI-714a760b-24	23.7925	55.705	49.32921305	19.37_D,-6.151,-6.670,-8.025
DAR-DIA-23aa0b97-19	DAR-DIA-23aa0b97-19	68.21	85.16	14.64109075	48.73152_D,-7.514,-6.978,-8.693
DAR-DIA-23aa0b97-20	DAR-DIA-23aa0b97-20	27.82	62.475	45.07746921	31.6433_D,-7.011,-6.622,-8.085
